concept_rank,concept_name,prompt_id,prompt
1,Golden flower heads and bold floral still lifes,C01P01,"a cracked earthenware vase packed with towering yellow blooms on a rough wooden table, thick oil strokes and ochre paint ridges"
1,Golden flower heads and bold floral still lifes,C01P02,"wilted golden flower heads drooping beside fresh blooms in a green bottle, coarse brushwork against a pale plaster wall"
1,Golden flower heads and bold floral still lifes,C01P03,"close view of seed-heavy floral disks spilling from a blue ceramic jug, textured impasto and visible canvas grain"
1,Golden flower heads and bold floral still lifes,C01P04,"large yellow blossoms arranged in a low mustard bowl on a windowsill, broken brush marks and warm baked color"
1,Golden flower heads and bold floral still lifes,C01P05,"a single tall yellow bloom leaning over a folded cloth and clay cup, rough paint surface with bristled strokes"
1,Golden flower heads and bold floral still lifes,C01P06,"a bouquet of oversized golden flowers crowding the frame from below, dense yellow petals modeled with loaded oil paint"
1,Golden flower heads and bold floral still lifes,C01P07,"cut yellow blooms scattered across a tabletop with a small knife and twine, gritty pigment and matte painted texture"
1,Golden flower heads and bold floral still lifes,C01P08,"seed-heavy blossoms in different stages of bloom inside a narrow glass jar, lively contour strokes over a mint wall"
1,Golden flower heads and bold floral still lifes,C01P09,"an overflowing crock of golden flowers beside striped wallpaper, thick petals and dry brush accents"
1,Golden flower heads and bold floral still lifes,C01P10,"flower heads seen from above on a blue table, swirling paint rings around dark centers"
1,Golden flower heads and bold floral still lifes,C01P11,"a rustic shelf holding a clay pot of yellow blooms and onions, heavy brushwork with earthy orange shadows"
1,Golden flower heads and bold floral still lifes,C01P12,"golden flower heads mixed with green leaves in a squat yellow vase, paint laid on in short rhythmic strokes"
1,Golden flower heads and bold floral still lifes,C01P13,"fallen petals around a chipped pitcher and thick seeded blooms, textured oil handling and rough linen weave"
1,Golden flower heads and bold floral still lifes,C01P14,"three giant yellow blooms pressed close to the picture plane, thick contour lines and buttery color"
1,Golden flower heads and bold floral still lifes,C01P15,"golden flowers beside a small open book on a red tabletop, coarse impasto with visible scrape marks"
2,Star-filled night skies over villages and fields,C02P01,"a hill village under a swirling field of stars, rolling brushwork and deep blue paint eddies"
2,Star-filled night skies over villages and fields,C02P02,"crescent moon above dark rooftops and a narrow church spire, thick night-sky strokes over a sleeping town"
2,Star-filled night skies over villages and fields,C02P03,"bright stars turning above an empty wheat field, textured oil paint and restless curved marks"
2,Star-filled night skies over villages and fields,C02P04,"a footpath leading toward cottages beneath a churning midnight sky, visible canvas grain and cobalt spirals"
2,Star-filled night skies over villages and fields,C02P05,"river reflections trembling under clustered stars and a pale moon, broken brushwork with luminous paint ridges"
2,Star-filled night skies over villages and fields,C02P06,"small houses huddled under broad night clouds and scattered stars, rough pigment layered in sweeping arcs"
2,Star-filled night skies over villages and fields,C02P07,"a quiet square lit by a few windows beneath a wind-tossed sky, impasto blues and sulfur-yellow dots"
2,Star-filled night skies over villages and fields,C02P08,"rolling hills under an immense star-strewn vault, loaded brush strokes with swirling bands of paint"
2,Star-filled night skies over villages and fields,C02P09,"dark meadow with a low fence under moving stars, coarse texture and whorled sky patterns"
2,Star-filled night skies over villages and fields,C02P10,"rooftops seen from an upper window beneath a radiant night sky, thick contour paint and glowing celestial circles"
2,Star-filled night skies over villages and fields,C02P11,"a lane beside gardens under a moonlit sky full of spinning stars, tactile oil surface and curved line rhythms"
2,Star-filled night skies over villages and fields,C02P12,"isolated farmhouse under a vast indigo sky, luminous stars pressed into heavy brushwork"
2,Star-filled night skies over villages and fields,C02P13,"village edge with bare trees against a moving night sky, rough paint ridges and bright star halos"
2,Star-filled night skies over villages and fields,C02P14,"low hills and a winding road under clustered constellations, expressive strokes and visible underpainting"
2,Star-filled night skies over villages and fields,C02P15,"a field boundary and distant houses beneath a moon and crowded stars, dense paint texture with circular motion"
3,Wheat fields and harvest landscapes,C03P01,"a broad wheat field cut by a dirt path, thick yellow brushwork under a moving blue sky"
3,Wheat fields and harvest landscapes,C03P02,"ripe grain bending in crosswinds beside a low farmhouse, rough oil texture and slashing strokes"
3,Wheat fields and harvest landscapes,C03P03,"wheat sheaves stacked near a field edge, coarse paint handling with ochre and rust layers"
3,Wheat fields and harvest landscapes,C03P04,"a narrow lane disappearing through tall wheat, bristled brush marks and visible canvas weave"
3,Wheat fields and harvest landscapes,C03P05,"golden fields meeting violet hills at the horizon, loaded paint and broken contours"
3,Wheat fields and harvest landscapes,C03P06,"freshly cut rows of wheat with scattered tools, textured pigment and earthy impasto"
3,Wheat fields and harvest landscapes,C03P07,"a field corner with wildflowers and grain under white clouds, short rhythmic strokes across the surface"
3,Wheat fields and harvest landscapes,C03P08,"wheat rippling around a worn fence post, thick oil paint dragged in directional bands"
3,Wheat fields and harvest landscapes,C03P09,"sunlit grain beyond a cluster of barns, rough brushwork with dense yellow and blue contrast"
3,Wheat fields and harvest landscapes,C03P10,"a raised view over patchwork wheat plots and paths, dry brush scratches over heavy paint"
3,Wheat fields and harvest landscapes,C03P11,"dark birds crossing above a wind-beaten wheat field, gritty texture and urgent strokes"
3,Wheat fields and harvest landscapes,C03P12,"a small cart beside harvested stubble, layered paint ridges and dusty earth colors"
3,Wheat fields and harvest landscapes,C03P13,"wheat bordering a canal bank and low bridge, broken color and coarse canvas texture"
3,Wheat fields and harvest landscapes,C03P14,"late summer grain under towering clouds, knife-laid paint and forceful directional marks"
3,Wheat fields and harvest landscapes,C03P15,"a lone footpath through seed-heavy wheat toward distant cottages, thick impasto and warm straw tones"
4,Cypress trees and wind-shaped verticals,C04P01,"a single cypress rising from a yellow field, thick dark paint against a sky of turning strokes"
4,Cypress trees and wind-shaped verticals,C04P02,"three cypress trees along a dusty road near low hills, rough brushwork and deep green-black pigment"
4,Cypress trees and wind-shaped verticals,C04P03,"cypress silhouettes beside a stone wall at dusk, textured oil surface with wavering contour lines"
4,Cypress trees and wind-shaped verticals,C04P04,"a towering cypress over a small graveyard, heavy impasto and agitated sky bands"
4,Cypress trees and wind-shaped verticals,C04P05,"close view of twisting cypress foliage against blue air, bristled strokes and dense paint clumps"
4,Cypress trees and wind-shaped verticals,C04P06,"cypresses leaning over a farmhouse roof in the wind, broken brush marks and earthy plaster tones"
4,Cypress trees and wind-shaped verticals,C04P07,"a path curving past clustered cypress trunks on a hillside, visible canvas grain and sweeping paint arcs"
4,Cypress trees and wind-shaped verticals,C04P08,"dark cypress forms beside pale olive trees, loaded brushwork and rhythmic vertical accents"
4,Cypress trees and wind-shaped verticals,C04P09,"a lone cypress beyond a field of cut hay, matte painted texture with bold outline strokes"
4,Cypress trees and wind-shaped verticals,C04P10,"cypresses reflected in still canal water under a pale sky, coarse pigment and wavering paint edges"
4,Cypress trees and wind-shaped verticals,C04P11,"a village church half hidden by cypress trees, thick paint ridges and compressed dark shapes"
4,Cypress trees and wind-shaped verticals,C04P12,"cypress trees beside a narrow road lined with red earth, energetic brushwork and rough surface texture"
4,Cypress trees and wind-shaped verticals,C04P13,"wind-bent cypresses under a bank of blue-white clouds, layered impasto with curving movement"
4,Cypress trees and wind-shaped verticals,C04P14,"a walled garden opening onto a tall cypress, textured strokes and dense green paint swirls"
4,Cypress trees and wind-shaped verticals,C04P15,"night-dark cypress tops cutting across a moonlit sky, tactile oil handling and upward rushing marks"
5,Olive groves and twisting trunks,C05P01,"gnarled olive trees across stony ground, thick interlaced brushwork in blue-green and ochre"
5,Olive groves and twisting trunks,C05P02,"an olive grove climbing a shallow slope under pale clouds, textured oil paint and twisted trunk lines"
5,Olive groves and twisting trunks,C05P03,"close trunks of olive trees with silver leaves flickering above red soil, coarse strokes and visible canvas"
5,Olive groves and twisting trunks,C05P04,"a footpath weaving through an olive grove, loaded paint and broken patches of lilac shadow"
5,Olive groves and twisting trunks,C05P05,"olive trees beside a low stone hut, rough impasto with knotted bark described in short strokes"
5,Olive groves and twisting trunks,C05P06,"sunlit grove with bent trunks and scattered rocks, grainy paint surface and rhythmic leaf marks"
5,Olive groves and twisting trunks,C05P07,"an orchard row of olive trees under a high turquoise sky, thick brushwork and rough contouring"
5,Olive groves and twisting trunks,C05P08,"olive branches crowding the foreground over dry earth, bristled paint texture with blue-green flicker"
5,Olive groves and twisting trunks,C05P09,"a narrow road passing olive trees and a field wall, dense oil handling and earthy color notes"
5,Olive groves and twisting trunks,C05P10,"winter olive grove with bare soil and cool shadows, scraped paint and twisted linear accents"
5,Olive groves and twisting trunks,C05P11,"spring olive trees with fresh grass between trunks, matte textured surface and broken color patches"
5,Olive groves and twisting trunks,C05P12,"a shepherd path through ancient olive trees, heavy pigment and restless branch patterns"
5,Olive groves and twisting trunks,C05P13,"olive grove after rain with darkened bark and luminous ground, tactile brushwork and layered paint ridges"
5,Olive groves and twisting trunks,C05P14,"terraced olives on a hillside above distant cottages, coarse canvas grain and looping trunk strokes"
5,Olive groves and twisting trunks,C05P15,"low viewpoint beneath olive branches and a bright sky, thick painted leaves and knotty bark texture"
6,Orchard blossoms and garden paths,C06P01,"a peach orchard in bloom with a narrow path between rows, delicate but textured brushwork on rough canvas"
6,Orchard blossoms and garden paths,C06P02,"white blossoms over fresh grass beside a garden fence, thick paint dabs and lively branch lines"
6,Orchard blossoms and garden paths,C06P03,"an apple orchard seen from the end of a row, broken color and soft impasto around the trunks"
6,Orchard blossoms and garden paths,C06P04,"pink flowering trees surrounding a small bench, coarse painted petals and visible linen texture"
6,Orchard blossoms and garden paths,C06P05,"blossom branches arching over an irrigation ditch, layered brush marks and pale spring color"
6,Orchard blossoms and garden paths,C06P06,"a garden path passing flowering trees and a blue gate, tactile oil handling with short luminous strokes"
6,Orchard blossoms and garden paths,C06P07,"young orchard trees under a breezy sky, textured paint surface and rhythmic blossom clusters"
6,Orchard blossoms and garden paths,C06P08,"pear trees in bloom beside a low cottage wall, dense brushwork and chalky pastel accents"
6,Orchard blossoms and garden paths,C06P09,"a view upward through flowering branches, loaded paint and scattered petals across blue air"
6,Orchard blossoms and garden paths,C06P10,"orchard rows fading toward distant fields, broken contour lines and rough springtime pigment"
6,Orchard blossoms and garden paths,C06P11,"fallen blossom petals covering a narrow path, thick color notes and bristled brush texture"
6,Orchard blossoms and garden paths,C06P12,"flowering trees beside a simple farmhouse garden, coarse strokes with green and pink contrasts"
6,Orchard blossoms and garden paths,C06P13,"a small ladder leaning in a blooming orchard, visible canvas grain and clustered paint touches"
6,Orchard blossoms and garden paths,C06P14,"sunlit orchard edge with fresh weeds and blossoms, matte painted texture and lively branch rhythms"
6,Orchard blossoms and garden paths,C06P15,"an enclosed garden with flowering trees and a winding path, textured oil paint with bright pastel flashes"
7,Rustic cottages and village streets,C07P01,"a row of small cottages with red roofs along a crooked lane, thick brushwork and rough plaster texture"
7,Rustic cottages and village streets,C07P02,"village street bending past whitewashed houses and a blue cart, loaded paint with broken outlines"
7,Rustic cottages and village streets,C07P03,"thatched cottages under a windy sky, coarse oil surface and earthy ochre walls"
7,Rustic cottages and village streets,C07P04,"a narrow alley between brick houses with green shutters, textured strokes and compressed perspective"
7,Rustic cottages and village streets,C07P05,"low cottages clustered around a dirt square, bristled paint and warm roof tiles"
7,Rustic cottages and village streets,C07P06,"village rooftops stepping up a hillside, thick contour marks and visible canvas grain"
7,Rustic cottages and village streets,C07P07,"a corner house with a fenced garden and twisting path, dense paint layers over chalky walls"
7,Rustic cottages and village streets,C07P08,"stone cottages under bare trees in winter, rough pigment and dark line rhythms"
7,Rustic cottages and village streets,C07P09,"sunlit houses with blue doors facing a narrow road, tactile oil handling and uneven rooflines"
7,Rustic cottages and village streets,C07P10,"a small bridge leading into a village street, broken brushwork and stacked masonry colors"
7,Rustic cottages and village streets,C07P11,"cottages reflected in a shallow puddle after rain, heavy paint ridges and muted earth tones"
7,Rustic cottages and village streets,C07P12,"a church tower rising beyond low village roofs, coarse impasto and slanted street geometry"
7,Rustic cottages and village streets,C07P13,"muddy lane between farm cottages and sheds, scraped paint texture with strong ochre and green contrasts"
7,Rustic cottages and village streets,C07P14,"a village edge with gardens, fences, and clustered houses, rough strokes and patterned walls"
7,Rustic cottages and village streets,C07P15,"rooftops and chimneys seen across a courtyard, loaded brush marks with thick brick-red accents"
8,"Sowers, reapers, and rural labor",C08P01,"a sower striding across a plowed field at daybreak, rough brushwork and thick earth-toned paint"
8,"Sowers, reapers, and rural labor",C08P02,"two reapers cutting wheat with curved sickles, coarse impasto and sun-baked yellow strokes"
8,"Sowers, reapers, and rural labor",C08P03,"a field worker carrying a bundle of cut grain along a path, textured oil surface and strong outlines"
8,"Sowers, reapers, and rural labor",C08P04,"woman gathering sheaves beside a low cart, bristled brush marks and dusty ochre pigment"
8,"Sowers, reapers, and rural labor",C08P05,"a farmer digging in a vegetable plot near cottages, loaded paint and rhythmic dark contours"
8,"Sowers, reapers, and rural labor",C08P06,"three laborers planting rows in red soil, visible canvas grain and broken green accents"
8,"Sowers, reapers, and rural labor",C08P07,"a seated peasant mending tools beside a barn wall, thick brushwork and rough painted clothing"
8,"Sowers, reapers, and rural labor",C08P08,"workers loading hay onto a wagon in open fields, heavy pigment and energetic directional strokes"
8,"Sowers, reapers, and rural labor",C08P09,"a shepherd guiding sheep across scrubby ground, coarse texture and simplified painted forms"
8,"Sowers, reapers, and rural labor",C08P10,"farm woman carrying firewood past an orchard fence, matte paint surface and sturdy contour lines"
8,"Sowers, reapers, and rural labor",C08P11,"men threshing grain near stacked sheaves, dense brushwork with ochre dust and blue shadow"
8,"Sowers, reapers, and rural labor",C08P12,"a gardener watering cabbages under a pale sky, tactile oil handling and short earthy strokes"
8,"Sowers, reapers, and rural labor",C08P13,"field hands resting beside a ditch after work, rough paint ridges and humble dark garments"
8,"Sowers, reapers, and rural labor",C08P14,"a lone digger turning soil near a cypress-lined path, loaded brush marks and red-brown earth"
8,"Sowers, reapers, and rural labor",C08P15,"peasants crossing a bridge with baskets and tools, coarse canvas texture and compact painted figures"
9,Simple interiors and humble furniture,C09P01,"a small bedroom with a wooden bed, two chairs, and bright walls, thick contour paint and rough floorboards"
9,Simple interiors and humble furniture,C09P02,"simple chair beside a washstand and basin, textured oil strokes with chalky color blocks"
9,Simple interiors and humble furniture,C09P03,"an empty room with shuttered window and narrow bed, coarse brushwork and slanting furniture lines"
9,Simple interiors and humble furniture,C09P04,"wooden chair holding folded clothes near a plain wall, heavy paint ridges and visible canvas weave"
9,Simple interiors and humble furniture,C09P05,"a table with a pitcher, bowl, and loaf in a modest kitchen, dense brushwork and earthy pigments"
9,Simple interiors and humble furniture,C09P06,"bedroom corner with striped blanket, hanging coat, and shoes, rough painted surface and bold outlines"
9,Simple interiors and humble furniture,C09P07,"a narrow hallway opening to a sparsely furnished room, loaded oil strokes and uneven perspective"
9,Simple interiors and humble furniture,C09P08,"chair and pipe beside an orange-topped table, thick impasto and simple domestic color contrasts"
9,Simple interiors and humble furniture,C09P09,"a wash jug and towel on a rustic stand beneath a mirror, bristled texture and flattened forms"
9,Simple interiors and humble furniture,C09P10,"plain bed under framed sketches and a peg rail, coarse paint handling with sturdy linear accents"
9,Simple interiors and humble furniture,C09P11,"small table by a blue door with a candle and book, textured pigment and tilted room geometry"
9,Simple interiors and humble furniture,C09P12,"worn boots beneath a chair in a bare room, heavy brushwork and dark earthen tones"
9,Simple interiors and humble furniture,C09P13,"a corner shelf with crockery above a simple bed, visible linen grain and thick painted edges"
9,Simple interiors and humble furniture,C09P14,"two chairs facing each other across a tiled floor, rough contour lines and matte color patches"
9,Simple interiors and humble furniture,C09P15,"an open window bringing light onto a narrow room with bed and table, tactile oil surface and broken planes"
10,"Riverside bridges, boats, and harbor edges",C10P01,"a small drawbridge over a canal with bright reflections, thick brushwork and rippling paint texture"
10,"Riverside bridges, boats, and harbor edges",C10P02,"fishing boats tied along a riverbank beneath low houses, coarse oil handling and blue-green water strokes"
10,"Riverside bridges, boats, and harbor edges",C10P03,"a wooden pier with moored boats and flags, loaded paint and broken reflections"
10,"Riverside bridges, boats, and harbor edges",C10P04,"canal bank lined with poplars and a narrow bridge, textured pigment and wavering contours"
10,"Riverside bridges, boats, and harbor edges",C10P05,"harbor edge with small sailboats and stacked barrels, rough brushwork over a sunlit quay"
10,"Riverside bridges, boats, and harbor edges",C10P06,"a river crossing with a white bridge and walking figures, visible canvas grain and lively water marks"
10,"Riverside bridges, boats, and harbor edges",C10P07,"boats pulled onto a muddy shore near cottages, thick impasto and earthy blue contrasts"
10,"Riverside bridges, boats, and harbor edges",C10P08,"a canal seen from the bridge railing with barges below, bristled paint and slanting linear rhythm"
10,"Riverside bridges, boats, and harbor edges",C10P09,"harbor masts clustered against a pale sky, coarse surface texture and broken strokes"
10,"Riverside bridges, boats, and harbor edges",C10P10,"rowboats drifting near a reed-lined bank, loaded oil paint with green and ultramarine swirls"
10,"Riverside bridges, boats, and harbor edges",C10P11,"a village quay with laundry, boats, and a low stone wall, dense brushwork and bright painted outlines"
10,"Riverside bridges, boats, and harbor edges",C10P12,"small boats beside a wooden footbridge at dusk, tactile pigment and restless water patterns"
10,"Riverside bridges, boats, and harbor edges",C10P13,"riverbank path curving past moored barges and gardens, thick strokes and visible underpainting"
10,"Riverside bridges, boats, and harbor edges",C10P14,"harbor water reflecting ochre buildings and dark hulls, rough impasto and wavering vertical color"
10,"Riverside bridges, boats, and harbor edges",C10P15,"a canal lock with workers, boats, and bright water, heavy paint ridges and simplified forms"
